BATT2,38.64,8.00,0.00,CR1220_SMD,CR1220_2P_SMD
C3,22.30,2.26,180.00,1uF,CAPC2012X110
C4,29.70,5.30,270.00,1uF,CAPC2012X110
C5,41.60,16.50,180.00,0.1uF,CAPC2012X110
C6,24.56,14.69,270.00,0.1uF,CAPC2012X110
D1,28.80,16.40,0.00,DIODE,DIOM5226X290N
D2,23.90,6.90,90.00,DIODE,DIOM5226X290N
F4,4.17,0.90,0.00,FIDUCIAL,FIDUCIAL_1MM
F5,46.71,18.90,0.00,FIDUCIAL,FIDUCIAL_1MM
F6,50.65,1.40,0.00,FIDUCIAL,FIDUCIAL_1MM
JP3,26.40,8.00,90.00,NO_JUMPER,NO_JUMPER
M1,19.30,3.06,180.00,PMOSFET,SOT23
M2,34.60,16.90,270.00,PMOSFET,SOT23
R5,19.30,6.26,0.00,10k,RESC2012X65
R6,38.20,17.85,0.00,10k,RESC2012X65
R7,26.40,5.30,90.00,1k,RESC2012X65
U3,8.85,10.80,270.00,L80_GNSS_MODULE,L80_PACKAGE
