ADC7,133.90,82.40,0.00,BREAKOUT_PADL,BREAKOUT_PAD*1*1X2MM
C1,121.00,65.00,135.00,33pF,CAPC2012X110
C10,121.70,74.00,180.00,4.7uF,CAPC2012X110
C11,42.88,45.66,90.00,1uF,CAPC2012X110
C12,103.60,66.70,180.00,10uF,CAPC2012X110
C13,142.66,56.98,180.00,1uF,CAPC2012X110
C15,47.30,14.90,180.00,1uF,CAPC2012X110
C16,47.30,17.20,180.00,0.1uF,CAPC2012X110
C2,125.00,61.00,315.00,33pF,CAPC2012X110
C3,103.60,69.00,0.00,10uF,CAPC2012X110
C5,88.28,98.40,180.00,0.1uF,CAPC2012X110
C6,135.90,78.97,225.00,0.1uF,CAPC2012X110
C7,137.40,77.50,45.00,0.1uF,CAPC2012X110
C8,121.70,76.10,180.00,0.1uF,CAPC2012X110
C9,123.00,88.00,90.00,0.1uF,CAPC2012X110
D1,38.40,55.34,270.00,,SODFL3718X115
D2R,98.30,44.70,0.00,,RESISTOR_JUMPER_0805_2012
F1,27.30,86.50,0.00,FIDUCIAL,FIDUCIAL_1MM
F2,191.36,2.70,0.00,FIDUCIAL,FIDUCIAL_1MM
F3,149.82,108.70,0.00,FIDUCIAL,FIDUCIAL_1MM
H1A+,158.00,14.00,0.00,BREAKOUT_PADL,BREAKOUT_PAD*1*1X2MM
H1A-,152.92,14.00,0.00,BREAKOUT_PADL,BREAKOUT_PAD*1*1X2MM
H1B+,165.00,13.50,0.00,BREAKOUT_PADL,BREAKOUT_PAD*1*1X2MM
H1B-,165.00,15.00,0.00,BREAKOUT_PADL,BREAKOUT_PAD*1*1X2MM
H2A+,98.00,14.00,0.00,BREAKOUT_PADL,BREAKOUT_PAD*1*1X2MM
H2A-,92.92,14.00,0.00,BREAKOUT_PADL,BREAKOUT_PAD*1*1X2MM
H2B+,104.00,13.50,0.00,BREAKOUT_PADL,BREAKOUT_PAD*1*1X2MM
H2B-,104.00,15.00,0.00,BREAKOUT_PADL,BREAKOUT_PAD*1*1X2MM
J1,60.10,45.20,0.00,NO_JUMPER,NO_JUMPER
J2,60.00,47.72,0.00,NO_JUMPER,NO_JUMPER
L1,46.32,56.95,90.00,68uh,INDUCTOR_12X12MM
M1,47.10,20.50,270.00,PMOSFET,SOT23
M2,109.00,79.00,90.00,NMOSFET,SOT23
M3,110.70,87.00,90.00,NMOSFET,SOT23
P1,46.65,47.51,90.00,XL1509,XL1509_SOIC8
P2,110.00,69.00,270.00,LDO-LM11173.3MP,SOT223
Q1,126.00,66.00,135.00,4MHz,HC49UP
R1,152.90,63.58,180.00,4.7k,RESC2012X65
R2,152.88,65.68,180.00,4.7k,RESC2012X65
R3,112.72,84.38,180.00,470R,RESC2012X65
R4,125.00,88.00,270.00,10k,RESC2012X65
R5,128.72,83.00,270.00,10k,RESC2012X65
R6,43.48,20.52,90.00,10k,RESC2012X65
R7,126.62,83.00,270.00,10k,RESC2012X65
R8,109.00,76.00,180.00,10k,RESC2012X65
R9,105.00,79.00,0.00,10k,RESC2012X65
SMA,92.20,109.65,270.00,,SMA_EDGELAUNCH
U1,131.00,74.00,45.00,ATMEGA328P-AU,QFP32_7X7_0.80
U2,100.33,99.39,180.00,LORA_RFM95W-915S2_MODULE,LORA_RFM95W-915S2_16MODULE
U5,146.66,64.11,0.00,DS3231MZ+,DS3231MZ+_SOIC8
