C1,7.44,7.20,180.00,10pF,CAPC1005X60
C10,13.11,6.03,270.00,0.1uF,CAPC1005X60
C2,5.55,7.01,0.00,10pF,CAPC1005X60
C3,4.06,15.45,315.00,0.1uF,CAPC1005X60
C4,2.52,14.41,45.00,0.1uF,CAPC1005X60
C5,8.02,8.44,225.00,0.1uF,CAPC1005X60
C6,8.70,9.15,225.00,0.1uF,CAPC1005X60
C7,11.33,16.25,45.00,0.1uF,CAPC1005X60
C9,13.89,6.03,270.00,0.1uF,CAPC1005X60
F4,14.19,2.33,0.00,FIDUCIAL,FIDUCIAL_1MM
F5,-1.30,0.99,0.00,FIDUCIAL,FIDUCIAL_1MM
F6,0.90,23.32,0.00,FIDUCIAL,FIDUCIAL_1MM
Q1,7.30,3.80,0.00,RESONATOR_4MHZ,RESONATOR_4MHZ
R1,12.51,14.47,270.00,4.7k,RESC1005X40
R10,-0.29,9.28,270.00,10k,RESC1005X40
R2,13.56,14.47,270.00,4.7k,RESC1005X40
R3,12.99,15.96,0.00,10k,RESC1005X40
RTC1,10.54,13.93,0.00,BREAKOUT_PADS,BREAKOUT_PAD*1*0.5X1.5MM
RTC2,12.03,5.90,90.00,BREAKOUT_PADS,BREAKOUT_PAD*1*0.5X1.5MM
RTC3V3,11.33,5.90,270.00,BREAKOUT_PADS,BREAKOUT_PAD*1*0.5X1.5MM
RTCGND,13.60,4.40,0.00,BREAKOUT_PADS,BREAKOUT_PAD*1*0.5X1.5MM
U1,5.82,11.95,45.00,ATMEGA328P-MU,QFN32_5X5_0.50
U4,11.86,10.20,90.00,DS3231MZ+,DS3231MZ+_SOIC8
