BATT+,3.85,15.41,90.00,BREAKOUT_PADL,BREAKOUT_PAD*1*1X2MM
C8,3.70,12.12,270.00,2.2uF,CAPC1005X60
F1,13.46,1.09,0.00,FIDUCIAL,FIDUCIAL_1MM
F2,2.01,20.78,0.00,FIDUCIAL,FIDUCIAL_1MM
F3,-1.23,16.46,0.00,FIDUCIAL,FIDUCIAL_1MM
GND,2.61,15.42,90.00,BREAKOUT_PADL,BREAKOUT_PAD*1*1X2MM
JP1,7.10,23.00,180.00,FTDI_DEVICESMD,FTDI_DEVICE_SMD
JP2,-0.68,7.85,270.00,AVR_SPI_PRG_61X6_THT,1X6-THT
P1,6.00,12.62,270.00,LDO_MIC5205YM5,MIC5205
Q2,11.34,12.74,270.00,NMOSFET,SOT23
R4,13.26,11.73,0.00,10k,RESC1005X40
R5,2.70,10.30,270.00,10k,RESC1005X40
R6,9.02,12.70,90.00,10k,RESC1005X40
R7,13.71,13.33,90.00,10k,RESC1005X40
R8,3.18,13.54,0.00,10k,RESC1005X40
R9,2.50,12.12,270.00,22k,RESC1005X40
SW1,8.90,15.42,0.00,REED_SWITCH,REED_CT05
U3,8.24,5.65,90.00,GPS_ORG1411,ORG1411
