C8,28.98,54.96,270.00,10uF,CAPC2012X110
C9,38.30,50.20,270.00,10uF,CAPC2012X110
F4,65.00,10.00,0.00,FIDUCIAL,FIDUCIAL_1MM
F5,11.00,120.00,0.00,FIDUCIAL,FIDUCIAL_1MM
F6,67.00,105.00,0.00,FIDUCIAL,FIDUCIAL_1MM
P2,33.60,52.77,180.00,LDO-LM11173.3MP,SOT223
R1,52.84,78.26,225.00,4.7k,RESC2012X65
R2,54.27,79.71,225.00,4.7k,RESC2012X65
R4,57.79,68.15,180.00,10k,RESC2012X65
R5,57.78,66.06,180.00,10k,RESC2012X65
SMA,58.00,116.17,270.00,,SMA_EDGELAUNCH
U2,20.32,72.80,0.00,PA6H_GPS,PA6H_GPS-MODULE_20PIN
USB1,24.20,4.15,0.00,USB-C_POWER_SUN5463,USB-C_POWER_SUN5463
USB2,4.00,4.15,0.00,USB-C_POWER_SUN5463,USB-C_POWER_SUN5463
