ANT2,49.58,17.12,90.00,U.FL-R-SMT-101,U.FL-R-SMT-1(XX)
C1,21.45,5.70,180.00,33pF,CAPC2012X110
C10,14.80,10.60,225.00,4.7uF,CAPC2012X110
C2,24.80,5.70,0.00,33pF,CAPC2012X110
C7,17.80,7.60,225.00,0.1uF,CAPC2012X110
C8,16.30,9.10,225.00,0.1uF,CAPC2012X110
C9,17.20,17.60,90.00,0.1uF,CAPC2012X110
F1,3.17,1.84,0.00,FIDUCIAL,FIDUCIAL_1MM
F2,48.01,4.04,0.00,FIDUCIAL,FIDUCIAL_1MM
F3,3.15,15.94,0.00,FIDUCIAL,FIDUCIAL_1MM
JP1,8.22,17.70,180.00,FTDI_DEVICEGTS_FLIP,FTDI_DEVICE_SMD(GTS_FLIP)
JP2,50.30,7.88,270.00,AVR_SPI_PRG_61X6_THT,1X6-THT
PD5,27.90,6.50,135.00,BREAKOUT_PADL,BREAKOUT_PAD*1*1X2MM
PD6,29.00,7.60,135.00,BREAKOUT_PADL,BREAKOUT_PAD*1*1X2MM
Q1,25.00,2.50,180.00,8mhz,HC49UP
R1,14.37,13.21,180.00,4.7k,RESC2012X65
R2,14.37,14.85,180.00,4.7k,RESC2012X65
R3,31.24,13.30,270.00,10k,RESC2012X65
R4,19.10,17.90,270.00,10k,RESC2012X65
SW1,2.10,10.00,90.00,REED_SWITCH,REED_CT05
U1,23.53,12.75,45.00,ATMEGA328P-AU,QFP32_7X7_0.80
U2,40.20,10.00,90.00,LORA_RFM95W-915S2_MODULE,LORA_RFM95W-915S2_16MODULE
U5,8.60,14.10,0.00,DS3231MZ+,DS3231MZ+_SOIC8
U6,8.60,5.90,0.00,24LC128T-I/SN,SOIC8-N_MC_MCH
