C11,26.48,40.30,90.00,1uF,CAPC2012X110
C12,23.20,68.52,0.00,1uF,CAPC2012X110
C3,27.30,95.90,270.00,0.1uF,CAPC2012X110
C4,25.18,95.90,270.00,0.1uF,CAPC2012X110
C7,48.85,115.68,180.00,0.1uF,CAPC2012X110
D1,34.25,33.67,270.00,,SODFL3718X115
F1,9.00,119.00,0.00,FIDUCIAL,FIDUCIAL_1MM
F2,67.00,106.00,0.00,FIDUCIAL,FIDUCIAL_1MM
F3,67.00,11.00,0.00,FIDUCIAL,FIDUCIAL_1MM
IO19,8.53,87.10,90.00,BREAKOUT_PADL,BREAKOUT_PAD*1*1X2MM
IO22,2.20,87.10,90.00,BREAKOUT_PADL,BREAKOUT_PAD*1*1X2MM
IO25,11.07,98.90,90.00,BREAKOUT_PADL,BREAKOUT_PAD*1*1X2MM
IO26,12.33,98.90,90.00,BREAKOUT_PADL,BREAKOUT_PAD*1*1X2MM
IO34,6.00,98.90,90.00,BREAKOUT_PADL,BREAKOUT_PAD*1*1X2MM
IO35,7.28,98.90,90.00,BREAKOUT_PADL,BREAKOUT_PAD*1*1X2MM
L1,24.69,51.55,180.00,68uh,INDUCTOR_12X12MM
P1,31.14,41.15,90.00,XL1509,XL1509_SOIC8
Q2,13.60,91.60,180.00,MMBT2222AL,SOT95P237X112-3N
Q3,11.90,94.70,0.00,MMBT2222AL,SOT95P237X112-3N
R10,22.40,12.44,0.00,5.1k,RESC2012X65
R13,14.60,94.70,270.00,10k,RESC2012X65
R14,10.90,91.60,90.00,10k,RESC2012X65
R3,23.10,95.90,90.00,10k,RESC2012X65
R6,26.60,71.35,270.00,10k,RESC2012X65
R7,10.76,10.59,0.00,5.1k,RESC2012X65
R8,10.76,8.34,0.00,5.1k,RESC2012X65
R9,22.40,10.19,0.00,5.1k,RESC2012X65
SD,47.00,14.85,0.00,SD_SOCKETSD_FULL,SD_CARD_SOCKET-794212
SMA,58.00,116.17,270.00,,SMA_EDGELAUNCH
U3,23.20,71.35,90.00,PMOSFET,SOT23
U4,50.66,104.15,90.00,LORA_RFM95W-915S2_MODULE,LORA_RFM95W-915S2_16MODULE
USB1,24.20,4.15,0.00,USB-C_POWER_SUN5463,USB-C_POWER_SUN5463
USB2,4.00,4.15,0.00,USB-C_POWER_SUN5463,USB-C_POWER_SUN5463
